Entidad federativa,Grupos quinquenales de edad,2010 Total,2010 Hombres,2010 Mujeres,2011 Total,2011 Hombres,2011 Mujeres,2012 Total,2012 Hombres,2012 Mujeres,2013 Total,2013 Hombres,2013 Mujeres,2014 Total,2014 Hombres,2014 Mujeres,2015 Total,2015 Hombres,2015 Mujeres,2016 Total,2016 Hombres,2016 Mujeres,2017 Total,2017 Hombres,2017 Mujeres
Total,Total,5012,4091,921,5718,4621,1095,5550,4470,1077,5909,4825,1082,6337,5080,1257,6425,5141,1280,6370,5181,1187,6559,5323,1233
Total,10 a 14 años,187,111,76,249,141,108,208,126,82,174,107,67,243,132,111,236,140,96,228,113,115,209,115,94
Total,15 a 19 años,685,475,210,859,600,259,826,589,237,780,537,243,761,515,246,861,580,281,774,535,239,795,571,224
Total,20 a 24 años,761,614,147,916,729,187,877,694,183,875,712,163,1015,840,175,1010,792,218,1035,866,169,1027,840,187
Total,25 a 29 años,608,507,101,716,575,141,663,560,103,748,628,120,758,613,145,788,645,143,816,677,139,868,711,157
Total,30 a 34 años,528,448,80,559,470,89,592,479,113,651,549,102,684,549,135,708,579,129,675,574,101,746,640,106
Total,35 a 39 años,549,461,88,521,443,78,535,451,84,574,488,86,649,526,123,653,535,118,628,533,95,652,535,116
Total,40 a 44 años,352,298,54,448,385,63,438,365,73,514,433,81,520,438,82,528,442,86,552,451,101,551,447,104
Total,45 a 49 años,320,257,63,346,296,49,332,265,67,405,350,55,419,346,73,421,360,61,414,342,72,428,365,63
Total,50 a 54 años,244,215,29,271,234,37,253,214,39,285,239,46,335,274,61,303,258,45,320,275,45,352,301,51
Total,55 a 59 años,183,158,25,199,172,27,202,169,33,260,218,42,276,226,50,225,187,38,249,207,42,243,204,39
Total,60 años y más,549,504,45,585,533,52,589,528,61,594,525,69,630,578,52,636,574,62,623,557,66,614,534,80
Total,No especificado,46,43,3,49,43,5,35,30,2,49,39,8,47,43,4,56,49,3,56,51,3,74,60,12
Aguascalientes,Total,50,41,9,98,81,17,116,95,21,113,90,23,110,86,24,124,102,22,125,102,23,140,115,25
Aguascalientes,10 a 14 años,1,0,1,5,2,3,3,3,0,2,2,0,0,0,0,4,1,3,1,1,0,4,3,1
Aguascalientes,15 a 19 años,7,3,4,12,11,1,15,10,5,13,13,0,13,11,2,18,15,3,8,7,1,15,11,4
Aguascalientes,20 a 24 años,12,12,0,20,15,5,18,15,3,15,9,6,26,21,5,15,13,2,23,19,4,23,18,5
Aguascalientes,25 a 29 años,6,6,0,11,11,0,16,10,6,15,11,4,17,10,7,16,15,1,14,11,3,21,20,1
Aguascalientes,30 a 34 años,3,2,1,9,9,0,11,7,4,16,12,4,12,10,2,17,15,2,16,13,3,18,15,3
Aguascalientes,35 a 39 años,9,9,0,4,3,1,8,7,1,16,14,2,8,6,2,11,11,0,15,11,4,18,13,5
Aguascalientes,40 a 44 años,0,0,0,6,4,2,9,9,0,9,8,1,7,6,1,12,6,6,15,9,6,9,7,2
Aguascalientes,45 a 49 años,5,3,2,6,6,0,7,6,1,8,8,0,4,3,1,2,2,0,17,16,1,8,6,2
Aguascalientes,50 a 54 años,1,0,1,7,5,2,9,9,0,4,2,2,7,5,2,10,8,2,6,6,0,6,6,0
Aguascalientes,55 a 59 años,2,2,0,5,5,0,5,4,1,4,3,1,7,6,1,4,3,1,2,2,0,6,4,2
Aguascalientes,60 años y más,3,3,0,13,10,3,14,14,0,11,8,3,8,8,0,15,13,2,7,6,1,12,12,0
Aguascalientes,No especificado,1,1,0,0,0,0,1,1,0,0,0,0,1,0,1,0,0,0,1,1,0,0,0,0
Baja California,Total,107,91,16,149,132,16,113,97,16,123,101,22,181,152,29,150,130,20,170,142,28,166,147,19
Baja California,10 a 14 años,4,1,3,6,3,3,3,2,1,3,2,1,2,2,0,3,1,2,4,3,1,0,0,0
Baja California,15 a 19 años,4,3,1,15,11,4,8,5,3,11,9,2,8,6,2,15,8,7,11,6,5,15,10,5
Baja California,20 a 24 años,7,7,0,15,11,4,12,10,2,13,9,4,26,21,5,19,17,2,24,19,5,22,21,1
Baja California,25 a 29 años,16,13,3,20,19,1,9,9,0,13,11,2,27,23,4,21,16,5,33,28,5,18,14,4
Baja California,30 a 34 años,15,14,1,15,14,1,18,16,2,17,14,3,25,19,6,18,15,3,14,11,3,29,28,1
Baja California,35 a 39 años,19,19,0,15,12,3,15,13,2,14,10,4,20,17,3,22,22,0,29,25,4,21,19,2
Baja California,40 a 44 años,9,7,2,20,20,0,10,9,1,17,16,1,23,18,5,15,15,0,14,13,1,16,13,3
Baja California,45 a 49 años,4,2,2,13,13,0,13,11,2,14,12,2,12,9,3,8,8,0,12,10,2,18,18,0
Baja California,50 a 54 años,8,6,2,9,9,0,5,5,0,7,5,2,5,4,1,13,12,1,8,7,1,6,5,1
Baja California,55 a 59 años,3,1,2,8,8,0,9,7,2,5,4,1,9,9,0,2,2,0,5,4,1,3,3,0
Baja California,60 años y más,16,16,0,9,9,0,10,9,1,8,8,0,22,22,0,10,10,0,15,15,0,18,16,2
Baja California,No especificado,2,2,0,4,3,0,1,1,0,1,1,0,2,2,0,4,4,0,1,1,0,0,0,0
Baja California Sur,Total,45,43,2,30,24,6,44,35,9,50,40,10,59,55,4,57,48,9,55,49,6,47,42,5
Baja California Sur,10 a 14 años,0,0,0,1,0,1,1,1,0,0,0,0,0,0,0,0,0,0,3,2,1,0,0,0
Baja California Sur,15 a 19 años,4,4,0,1,0,1,9,8,1,6,5,1,4,4,0,3,3,0,6,5,1,2,1,1
Baja California Sur,20 a 24 años,5,5,0,3,2,1,2,1,1,8,6,2,8,8,0,6,5,1,8,7,1,10,10,0
Baja California Sur,25 a 29 años,6,6,0,3,2,1,3,2,1,6,5,1,10,9,1,5,5,0,10,10,0,4,4,0
Baja California Sur,30 a 34 años,4,4,0,6,5,1,8,6,2,5,5,0,9,9,0,8,8,0,6,6,0,6,5,1
Baja California Sur,35 a 39 años,8,7,1,3,3,0,3,2,1,2,1,1,5,5,0,16,11,5,4,4,0,2,2,0
Baja California Sur,40 a 44 años,3,3,0,4,3,1,5,3,2,8,6,2,3,2,1,9,8,1,4,4,0,6,6,0
Baja California Sur,45 a 49 años,6,6,0,4,4,0,2,2,0,4,3,1,5,5,0,8,6,2,1,0,1,6,5,1
Baja California Sur,50 a 54 años,2,1,1,2,2,0,2,2,0,2,1,1,2,2,0,0,0,0,3,3,0,3,3,0
Baja California Sur,55 a 59 años,2,2,0,1,1,0,1,1,0,3,3,0,3,2,1,0,0,0,2,1,1,3,2,1
Baja California Sur,60 años y más,4,4,0,2,2,0,8,7,1,3,3,0,7,6,1,1,1,0,8,7,1,5,4,1
Baja California Sur,No especificado,1,1,0,0,0,0,0,0,0,3,2,1,3,3,0,1,1,0,0,0,0,0,0,0
Campeche,Total,62,53,9,81,71,10,63,48,15,77,57,20,92,70,22,86,72,14,87,69,17,74,63,11
Campeche,10 a 14 años,0,0,0,3,3,0,0,0,0,3,1,2,3,0,3,2,2,0,4,3,1,1,1,0
Campeche,15 a 19 años,2,1,1,8,6,2,6,3,3,10,6,4,7,3,4,10,9,1,8,4,4,6,6,0
Campeche,20 a 24 años,8,7,1,12,11,1,10,8,2,13,10,3,14,13,1,17,14,3,10,8,2,15,14,1
Campeche,25 a 29 años,16,13,3,15,14,1,5,5,0,9,7,2,14,11,3,9,7,2,15,12,3,8,7,1
Campeche,30 a 34 años,7,7,0,9,7,2,10,7,3,15,10,5,8,5,3,7,3,4,8,7,1,10,8,2
Campeche,35 a 39 años,5,3,2,6,6,0,11,9,2,7,7,0,11,8,3,7,6,1,10,8,2,5,5,0
Campeche,40 a 44 años,8,8,0,4,4,0,3,3,0,4,4,0,6,6,0,4,4,0,8,6,2,8,5,3
Campeche,45 a 49 años,3,3,0,7,5,2,3,1,2,3,1,2,8,6,2,12,10,2,3,3,0,7,5,2
Campeche,50 a 54 años,3,2,1,2,2,0,4,3,1,1,1,0,10,9,1,3,3,0,7,7,0,4,2,2
Campeche,55 a 59 años,4,4,0,3,3,0,2,2,0,6,5,1,3,3,0,3,2,1,5,5,0,1,1,0
Campeche,60 años y más,6,5,1,11,9,2,8,6,2,5,4,1,8,6,2,12,12,0,7,5,2,9,9,0
Campeche,No especificado,0,0,0,1,1,0,1,1,0,1,1,0,0,0,0,0,0,0,2,1,0,0,0,0
Coahuila de Zaragoza,Total,169,147,22,169,143,26,150,130,20,174,153,21,174,132,42,181,144,37,171,151,20,201,165,36
Coahuila de Zaragoza,10 a 14 años,5,2,3,6,3,3,3,3,0,1,1,0,2,0,2,6,5,1,3,2,1,7,4,3
Coahuila de Zaragoza,15 a 19 años,11,10,1,16,14,2,18,15,3,24,19,5,29,24,5,24,16,8,20,16,4,25,19,6
Coahuila de Zaragoza,20 a 24 años,31,26,5,35,29,6,24,20,4,24,23,1,25,22,3,28,25,3,29,26,3,36,30,6
Coahuila de Zaragoza,25 a 29 años,23,19,4,20,17,3,14,10,4,19,15,4,12,7,5,20,17,3,27,24,3,32,28,4
Coahuila de Zaragoza,30 a 34 años,29,28,1,16,12,4,21,18,3,19,19,0,24,18,6,20,15,5,12,12,0,16,14,2
Coahuila de Zaragoza,35 a 39 años,14,12,2,15,14,1,14,14,0,23,22,1,16,12,4,21,15,6,15,15,0,16,10,6
Coahuila de Zaragoza,40 a 44 años,6,5,1,11,10,1,9,7,2,19,15,4,13,12,1,11,7,4,16,14,2,16,14,2
Coahuila de Zaragoza,45 a 49 años,13,10,3,14,12,2,4,3,1,10,9,1,14,10,4,16,14,2,14,13,1,16,13,3
Coahuila de Zaragoza,50 a 54 años,8,8,0,10,9,1,10,10,0,9,6,3,12,5,7,14,14,0,8,6,2,14,12,2
Coahuila de Zaragoza,55 a 59 años,4,3,1,3,3,0,12,10,2,2,1,1,7,4,3,8,7,1,10,7,3,8,7,1
Coahuila de Zaragoza,60 años y más,16,16,0,22,20,2,19,18,1,20,20,0,18,17,1,13,9,4,17,16,1,15,14,1
Coahuila de Zaragoza,No especificado,9,8,1,1,0,1,2,2,0,4,3,1,2,1,1,0,0,0,0,0,0,0,0,0
Colima,Total,31,25,6,48,44,4,46,44,2,52,45,7,42,35,7,54,52,2,66,58,8,46,42,4
Colima,10 a 14 años,0,0,0,2,1,1,0,0,0,2,1,1,0,0,0,4,4,0,1,1,0,0,0,0
Colima,15 a 19 años,7,4,3,4,3,1,5,5,0,3,2,1,3,2,1,3,3,0,5,5,0,3,2,1
Colima,20 a 24 años,3,2,1,8,7,1,3,3,0,4,3,1,6,5,1,3,3,0,7,6,1,7,6,1
Colima,25 a 29 años,1,0,1,7,6,1,6,6,0,9,9,0,4,3,1,8,7,1,9,8,1,9,8,1
Colima,30 a 34 años,1,1,0,4,4,0,6,5,1,8,6,2,10,8,2,5,5,0,12,10,2,3,3,0
Colima,35 a 39 años,9,8,1,5,5,0,7,6,1,3,3,0,5,4,1,6,6,0,11,9,2,5,4,1
Colima,40 a 44 años,1,1,0,5,5,0,5,5,0,6,6,0,4,4,0,9,9,0,5,3,2,6,6,0
Colima,45 a 49 años,2,2,0,4,4,0,3,3,0,4,4,0,2,2,0,6,6,0,2,2,0,1,1,0
Colima,50 a 54 años,4,4,0,3,3,0,2,2,0,4,3,1,1,0,1,1,1,0,1,1,0,5,5,0
Colima,55 a 59 años,1,1,0,1,1,0,0,0,0,5,4,1,3,3,0,1,1,0,2,2,0,3,3,0
Colima,60 años y más,1,1,0,5,5,0,7,7,0,3,3,0,3,3,0,6,5,1,10,10,0,4,4,0
Colima,No especificado,1,1,0,0,0,0,2,2,0,1,1,0,1,1,0,2,2,0,1,1,0,0,0,0
Chiapas,Total,88,79,9,230,194,36,189,142,47,315,261,54,321,268,53,316,267,49,272,216,56,262,205,57
Chiapas,10 a 14 años,4,4,0,12,7,5,4,3,1,5,3,2,14,9,5,17,10,7,9,5,4,12,5,7
Chiapas,15 a 19 años,10,9,1,38,27,11,36,19,17,40,23,17,48,32,16,42,32,10,35,20,15,49,32,17
Chiapas,20 a 24 años,10,10,0,46,38,8,42,28,14,55,52,3,58,50,8,55,45,10,59,53,6,42,39,3
Chiapas,25 a 29 años,15,13,2,32,30,2,25,20,5,45,37,8,46,42,4,43,37,6,47,39,8,37,28,9
Chiapas,30 a 34 años,15,14,1,26,24,2,25,21,4,36,32,4,35,32,3,32,27,5,30,25,5,29,21,8
Chiapas,35 a 39 años,9,7,2,20,18,2,17,16,1,27,24,3,29,21,8,25,22,3,23,18,5,23,20,3
Chiapas,40 a 44 años,0,0,0,15,12,3,12,9,3,17,15,2,25,22,3,23,20,3,20,17,3,23,19,4
Chiapas,45 a 49 años,6,5,1,13,12,1,7,6,1,25,21,4,11,10,1,22,20,2,10,8,2,7,6,1
Chiapas,50 a 54 años,8,8,0,7,6,1,5,4,1,13,10,3,12,11,1,7,6,1,6,4,2,11,9,2
Chiapas,55 a 59 años,3,3,0,3,3,0,7,7,0,12,10,2,12,11,1,19,18,1,5,5,0,3,3,0
Chiapas,60 años y más,7,6,1,17,16,1,9,9,0,38,33,5,30,28,2,30,29,1,27,21,6,24,22,2
Chiapas,No especificado,1,0,1,1,1,0,0,0,0,2,1,1,1,0,1,1,1,0,1,1,0,2,1,1
Chihuahua,Total,234,203,31,289,242,47,266,223,43,310,251,58,326,250,76,421,325,96,438,339,99,405,315,90
Chihuahua,10 a 14 años,8,5,3,11,5,6,4,3,1,10,6,4,8,3,5,14,5,9,9,4,5,9,5,4
Chihuahua,15 a 19 años,25,17,8,24,16,8,30,24,6,31,20,11,32,18,14,45,24,21,54,38,16,52,37,15
Chihuahua,20 a 24 años,35,31,4,46,41,5,44,38,6,45,36,9,58,45,13,61,44,17,76,60,16,70,52,18
Chihuahua,25 a 29 años,25,24,1,37,32,5,28,24,4,48,42,6,42,38,4,46,41,5,53,37,16,45,35,10
Chihuahua,30 a 34 años,30,27,3,17,16,1,20,16,4,27,26,1,28,21,7,43,36,7,32,22,10,42,38,4
Chihuahua,35 a 39 años,21,18,3,28,26,2,24,19,5,26,17,9,32,20,12,37,26,11,43,34,9,35,29,6
Chihuahua,40 a 44 años,18,17,1,29,25,4,32,26,6,25,21,4,24,18,6,37,31,6,42,29,13,35,29,6
Chihuahua,45 a 49 años,20,16,4,27,23,4,12,12,0,27,22,5,25,20,5,27,20,7,39,29,10,31,21,10
Chihuahua,50 a 54 años,13,12,1,14,11,3,23,21,2,14,12,2,19,17,2,23,20,3,18,16,2,16,10,6
Chihuahua,55 a 59 años,10,9,1,12,9,3,16,9,7,11,9,2,12,8,4,17,12,5,23,23,0,20,19,1
Chihuahua,60 años y más,27,25,2,44,38,6,33,31,2,34,31,3,35,32,3,55,50,5,41,39,2,40,35,5
Chihuahua,No especificado,2,2,0,0,0,0,0,0,0,12,9,2,11,10,1,16,16,0,8,8,0,10,5,5
Ciudad de México,Total,375,300,75,413,328,85,426,341,85,425,346,79,434,336,98,369,290,79,377,296,81,302,234,68
Ciudad de México,10 a 14 años,14,9,5,19,13,6,14,8,6,14,8,6,23,11,12,16,8,8,15,8,7,12,9,3
Ciudad de México,15 a 19 años,48,33,15,80,58,22,79,58,21,52,39,13,62,43,19,45,29,16,43,34,9,42,29,13
Ciudad de México,20 a 24 años,58,44,14,71,56,15,71,57,14,58,48,10,71,58,13,66,50,16,60,49,11,42,30,12
Ciudad de México,25 a 29 años,37,29,8,40,28,12,64,54,10,66,51,15,47,35,12,50,41,9,44,35,9,41,31,10
Ciudad de México,30 a 34 años,32,26,6,29,23,6,40,31,9,43,39,4,45,37,8,36,29,7,42,38,4,30,28,2
Ciudad de México,35 a 39 años,42,34,8,51,44,7,28,28,0,41,36,5,47,37,10,27,23,4,36,30,6,26,18,8
Ciudad de México,40 a 44 años,34,26,8,25,20,5,40,34,6,38,34,4,26,20,6,39,33,6,29,21,8,26,17,9
Ciudad de México,45 a 49 años,23,20,3,21,19,2,23,17,6,28,23,5,32,26,6,28,25,3,27,19,8,23,22,1
Ciudad de México,50 a 54 años,16,12,4,20,18,2,15,9,6,22,17,5,14,11,3,13,8,5,25,17,8,18,16,2
Ciudad de México,55 a 59 años,20,19,1,14,12,2,14,12,2,20,15,5,22,18,4,15,12,3,16,14,2,9,8,1
Ciudad de México,60 años y más,51,48,3,43,37,6,38,33,5,43,36,7,45,40,5,34,32,2,40,31,9,33,26,7
Ciudad de México,No especificado,0,0,0,0,0,0,0,0,0,0,0,0,0,0,0,0,0,0,0,0,0,0,0,0
Durango,Total,94,74,20,86,63,23,76,65,11,90,78,12,104,86,18,116,95,21,114,88,26,124,103,21
Durango,10 a 14 años,2,1,1,3,2,1,2,1,1,2,1,1,3,0,3,7,4,3,0,0,0,1,0,1
Durango,15 a 19 años,17,12,5,9,5,4,7,5,2,8,7,1,8,6,2,13,10,3,16,7,9,18,14,4
Durango,20 a 24 años,19,16,3,13,7,6,10,8,2,13,11,2,23,21,2,16,14,2,15,12,3,32,28,4
Durango,25 a 29 años,7,6,1,11,8,3,11,11,0,9,7,2,12,10,2,16,10,6,12,7,5,9,7,2
Durango,30 a 34 años,12,9,3,8,5,3,11,10,1,9,6,3,10,7,3,17,16,1,13,10,3,17,13,4
Durango,35 a 39 años,8,7,1,11,9,2,7,6,1,9,9,0,9,8,1,11,8,3,12,10,2,8,7,1
Durango,40 a 44 años,7,3,4,3,3,0,4,4,0,11,10,1,10,10,0,10,9,1,18,15,3,12,10,2
Durango,45 a 49 años,4,4,0,4,4,0,5,5,0,8,8,0,6,5,1,5,4,1,6,6,0,5,5,0
Durango,50 a 54 años,2,2,0,4,3,1,7,4,3,5,4,1,6,5,1,2,2,0,3,3,0,8,6,2
Durango,55 a 59 años,5,5,0,4,2,2,1,1,0,3,3,0,4,3,1,5,4,1,5,4,1,3,3,0
Durango,60 años y más,8,7,1,9,8,1,10,9,1,12,11,1,12,10,2,14,14,0,13,13,0,10,9,1
Durango,No especificado,3,2,1,7,7,0,1,1,0,1,1,0,1,1,0,0,0,0,1,1,0,1,1,0
Guanajuato,Total,283,221,62,358,285,73,338,263,75,351,284,67,422,347,75,466,384,82,459,401,58,494,411,83
Guanajuato,10 a 14 años,16,13,3,12,8,4,11,8,3,8,5,3,14,7,7,16,13,3,19,8,11,15,10,5
Guanajuato,15 a 19 años,49,33,16,73,56,17,69,50,19,59,41,18,70,55,15,89,67,22,75,58,17,52,42,10
Guanajuato,20 a 24 años,45,33,12,59,51,8,59,47,12,74,59,15,74,62,12,100,86,14,86,79,7,82,67,15
Guanajuato,25 a 29 años,37,30,7,50,42,8,35,26,9,51,46,5,68,57,11,60,52,8,73,68,5,92,77,15
Guanajuato,30 a 34 años,21,19,2,38,35,3,31,28,3,36,32,4,50,40,10,51,43,8,56,53,3,76,62,14
Guanajuato,35 a 39 años,33,31,2,25,16,9,27,19,8,32,27,5,47,38,9,41,35,6,38,37,1,55,49,6
Guanajuato,40 a 44 años,21,17,4,32,27,5,27,23,4,23,18,5,23,18,5,36,27,9,34,30,4,30,25,5
Guanajuato,45 a 49 años,15,7,8,17,9,8,20,12,8,15,15,0,23,21,2,13,11,2,28,22,6,35,30,5
Guanajuato,50 a 54 años,9,8,1,15,10,5,17,14,3,16,10,6,17,16,1,18,12,6,17,15,2,16,13,3
Guanajuato,55 a 59 años,10,7,3,13,8,5,7,6,1,11,10,1,9,8,1,8,6,2,9,7,2,20,16,4
Guanajuato,60 años y más,25,21,4,19,19,0,29,26,3,23,19,4,23,21,2,33,31,2,23,23,0,21,20,1
Guanajuato,No especificado,2,2,0,5,4,1,6,4,2,3,2,1,4,4,0,1,1,0,1,1,0,0,0,0
Guerrero,Total,91,65,26,90,56,34,90,62,28,104,69,35,81,56,25,73,48,25,83,52,31,73,54,19
Guerrero,10 a 14 años,4,2,2,6,1,5,3,1,2,4,2,2,4,1,3,3,2,1,6,1,5,3,3,0
Guerrero,15 a 19 años,15,7,8,16,6,10,16,5,11,21,7,14,16,7,9,14,6,8,17,9,8,13,10,3
Guerrero,20 a 24 años,13,11,2,15,7,8,14,9,5,13,8,5,11,8,3,11,7,4,21,14,7,10,7,3
Guerrero,25 a 29 años,6,4,2,9,6,3,11,9,2,18,14,4,9,7,2,5,5,0,8,5,3,11,9,2
Guerrero,30 a 34 años,11,6,5,10,7,3,6,5,1,7,5,2,5,4,1,8,4,4,6,5,1,5,4,1
Guerrero,35 a 39 años,13,10,3,6,4,2,10,9,1,7,5,2,8,5,3,8,4,4,5,2,3,10,5,5
Guerrero,40 a 44 años,5,4,1,6,5,1,6,6,0,11,8,3,8,7,1,7,7,0,2,2,0,6,6,0
Guerrero,45 a 49 años,8,7,1,4,4,0,7,4,3,3,3,0,3,3,0,4,3,1,0,0,0,1,0,1
Guerrero,50 a 54 años,3,3,0,4,3,1,3,2,1,3,2,1,4,3,1,4,3,1,3,3,0,3,3,0
Guerrero,55 a 59 años,4,3,1,3,3,0,2,2,0,4,4,0,2,2,0,3,3,0,4,1,3,1,0,1
Guerrero,60 años y más,8,7,1,9,8,1,11,9,2,12,10,2,11,9,2,5,3,2,8,8,0,9,6,3
Guerrero,No especificado,1,1,0,2,2,0,1,1,0,1,1,0,0,0,0,1,1,0,3,2,1,1,1,0
Hidalgo,Total,56,47,9,113,81,32,102,76,26,112,89,23,126,97,29,117,81,36,113,86,27,116,90,26
Hidalgo,10 a 14 años,2,0,2,14,9,5,10,5,5,0,0,0,5,4,1,9,7,2,13,8,5,4,3,1
Hidalgo,15 a 19 años,10,7,3,26,15,11,23,12,11,18,12,6,18,9,9,19,10,9,19,11,8,20,15,5
Hidalgo,20 a 24 años,10,10,0,18,14,4,15,13,2,12,7,5,15,13,2,25,13,12,7,7,0,14,11,3
Hidalgo,25 a 29 años,5,4,1,11,10,1,12,10,2,11,9,2,14,13,1,13,11,2,7,5,2,13,9,4
Hidalgo,30 a 34 años,4,4,0,9,4,5,9,7,2,15,13,2,12,9,3,11,10,1,14,11,3,13,10,3
Hidalgo,35 a 39 años,6,4,2,11,10,1,4,2,2,10,10,0,12,10,2,7,5,2,15,11,4,8,5,3
Hidalgo,40 a 44 años,6,6,0,6,4,2,4,4,0,8,7,1,16,13,3,8,6,2,6,5,1,6,5,1
Hidalgo,45 a 49 años,3,3,0,1,1,0,7,7,0,9,7,2,6,4,2,1,1,0,7,7,0,9,7,2
Hidalgo,50 a 54 años,4,4,0,0,0,0,5,5,0,11,8,3,9,7,2,5,3,2,6,4,2,14,12,2
Hidalgo,55 a 59 años,1,1,0,4,3,1,2,1,1,5,5,0,7,5,2,4,4,0,7,6,1,4,4,0
Hidalgo,60 años y más,5,4,1,13,11,2,11,10,1,13,11,2,12,10,2,15,11,4,12,11,1,11,9,2
Hidalgo,No especificado,0,0,0,0,0,0,0,0,0,0,0,0,0,0,0,0,0,0,0,0,0,0,0,0
Jalisco,Total,399,313,86,453,347,106,508,402,106,481,390,91,506,414,92,527,416,111,597,476,121,658,524,133
Jalisco,10 a 14 años,11,6,5,21,12,9,17,10,7,8,6,2,20,12,8,10,4,6,14,6,8,17,7,10
Jalisco,15 a 19 años,66,49,17,62,45,17,76,59,17,68,43,25,61,45,16,80,57,23,70,47,23,71,50,21
Jalisco,20 a 24 años,61,46,15,65,46,19,83,67,16,85,66,19,74,64,10,72,54,18,82,70,12,102,78,24
Jalisco,25 a 29 años,51,38,13,65,50,15,55,48,7,53,46,7,65,57,8,52,39,13,71,59,12,83,65,18
Jalisco,30 a 34 años,41,33,8,40,27,13,61,48,13,51,45,6,59,44,15,47,40,7,70,61,9,85,77,8
Jalisco,35 a 39 años,35,28,7,40,32,8,57,47,10,56,52,4,42,40,2,61,48,13,53,43,10,77,64,13
Jalisco,40 a 44 años,30,25,5,48,42,6,50,38,12,48,38,10,51,42,9,57,47,10,61,43,18,54,42,12
Jalisco,45 a 49 años,23,18,5,27,22,5,30,20,10,30,25,5,42,31,11,29,25,4,45,37,8,51,42,9
Jalisco,50 a 54 años,20,17,3,26,21,5,14,11,3,15,13,2,26,22,4,28,21,7,29,26,3,30,26,4
Jalisco,55 a 59 años,18,16,2,16,13,3,15,13,2,20,16,4,20,14,6,30,27,3,23,18,5,13,10,3
Jalisco,60 años y más,43,37,6,38,33,5,50,41,9,44,37,7,41,38,3,54,48,6,62,50,12,54,46,8
Jalisco,No especificado,0,0,0,5,4,1,0,0,0,3,3,0,5,5,0,7,6,1,17,16,1,21,17,3
México,Total,537,405,132,600,459,140,598,456,142,620,477,143,670,507,163,667,507,160,579,450,129,570,428,142
México,10 a 14 años,35,19,16,32,19,13,35,18,17,37,22,15,47,27,20,34,18,16,38,14,24,37,15,22
México,15 a 19 años,121,84,37,117,68,49,104,77,27,100,70,30,102,68,34,136,86,50,88,58,30,112,70,42
México,20 a 24 años,87,61,26,119,94,25,118,94,24,120,98,22,123,97,26,108,79,29,116,96,20,89,69,20
México,25 a 29 años,62,51,11,79,61,18,82,68,14,77,65,12,85,62,23,94,77,17,72,60,12,74,63,11
México,30 a 34 años,53,41,12,54,46,8,67,45,22,63,46,17,65,49,16,73,65,8,55,43,12,57,45,12
México,35 a 39 años,51,45,6,49,42,7,53,39,14,52,37,15,66,52,14,57,42,15,63,54,9,49,38,11
México,40 a 44 años,33,23,10,41,35,6,46,36,10,46,34,12,36,30,6,45,39,6,52,44,8,48,36,12
México,45 a 49 años,26,20,6,31,25,5,30,24,6,34,26,8,44,35,9,41,33,8,22,18,4,30,28,2
México,50 a 54 años,25,24,1,26,23,3,15,11,4,19,18,1,28,22,6,28,23,5,23,21,2,21,20,1
México,55 a 59 años,9,7,2,13,11,2,6,6,0,35,28,7,24,24,0,14,12,2,15,11,4,16,13,3
México,60 años y más,34,29,5,36,33,3,42,38,4,33,30,3,49,40,9,36,32,4,32,29,3,37,31,6
México,No especificado,1,1,0,3,2,1,0,0,0,4,3,1,1,1,0,1,1,0,3,2,1,0,0,0
Michoacán de Ocampo,Total,151,123,28,150,119,31,147,119,28,142,120,22,192,148,44,169,138,31,182,149,33,206,162,44
Michoacán de Ocampo,10 a 14 años,4,1,3,9,5,4,8,7,1,4,3,1,6,5,1,3,1,2,16,7,9,7,4,3
Michoacán de Ocampo,15 a 19 años,14,7,7,25,17,8,27,21,6,20,16,4,28,16,12,24,15,9,25,18,7,22,17,5
Michoacán de Ocampo,20 a 24 años,25,21,4,19,14,5,20,14,6,23,19,4,32,26,6,20,15,5,26,21,5,31,27,4
Michoacán de Ocampo,25 a 29 años,25,20,5,15,10,5,17,14,3,19,15,4,19,14,5,26,21,5,32,29,3,28,22,6
Michoacán de Ocampo,30 a 34 años,20,19,1,23,19,4,15,13,2,12,9,3,17,15,2,19,17,2,16,16,0,23,19,4
Michoacán de Ocampo,35 a 39 años,17,15,2,16,12,4,16,15,1,18,16,2,22,17,5,17,15,2,19,17,2,28,23,5
Michoacán de Ocampo,40 a 44 años,6,4,2,12,12,0,11,10,1,14,12,2,13,10,3,13,12,1,12,11,1,26,21,5
Michoacán de Ocampo,45 a 49 años,8,8,0,7,7,0,6,4,2,6,5,1,16,13,3,11,10,1,9,8,1,10,8,2
Michoacán de Ocampo,50 a 54 años,7,6,1,8,8,0,10,6,4,4,4,0,12,10,2,8,7,1,6,5,1,8,5,3
Michoacán de Ocampo,55 a 59 años,9,7,2,4,4,0,5,5,0,8,8,0,7,3,4,7,5,2,5,4,1,9,5,4
Michoacán de Ocampo,60 años y más,14,13,1,11,10,1,11,9,2,14,13,1,19,18,1,20,19,1,16,13,3,13,10,3
Michoacán de Ocampo,No especificado,2,2,0,1,1,0,1,1,0,0,0,0,1,1,0,1,1,0,0,0,0,1,1,0
Morelos,Total,45,32,13,61,52,9,62,50,12,65,53,12,54,41,13,44,32,9,87,70,17,71,61,10
Morelos,10 a 14 años,4,3,1,0,0,0,3,2,1,2,1,1,3,1,2,4,3,1,1,1,0,1,0,1
Morelos,15 a 19 años,8,4,4,11,7,4,11,7,4,9,5,4,6,3,3,4,3,1,15,11,4,7,4,3
Morelos,20 a 24 años,5,4,1,8,7,1,12,9,3,8,7,1,13,11,2,7,5,2,18,16,2,11,10,1
Morelos,25 a 29 años,2,2,0,14,10,4,7,6,1,4,2,2,2,1,1,3,2,1,13,12,1,9,9,0
Morelos,30 a 34 años,2,1,1,3,3,0,6,5,1,7,7,0,10,8,2,5,5,0,9,5,4,6,6,0
Morelos,35 a 39 años,5,5,0,4,4,0,2,2,0,4,4,0,3,3,0,2,1,1,6,5,1,6,5,1
Morelos,40 a 44 años,4,2,2,3,3,0,6,5,1,6,5,1,5,4,1,2,2,0,8,6,2,5,5,0
Morelos,45 a 49 años,5,4,1,5,5,0,3,3,0,8,7,1,4,2,2,0,0,0,5,3,2,7,6,1
Morelos,50 a 54 años,3,1,2,1,1,0,3,2,1,4,3,1,0,0,0,3,2,1,5,4,1,9,8,1
Morelos,55 a 59 años,0,0,0,3,3,0,1,1,0,6,6,0,4,4,0,2,1,1,0,0,0,4,3,1
Morelos,60 años y más,7,6,1,8,8,0,8,8,0,7,6,1,4,4,0,5,5,0,7,7,0,6,5,1
Morelos,No especificado,0,0,0,1,1,0,0,0,0,0,0,0,0,0,0,7,3,1,0,0,0,0,0,0
Nayarit,Total,46,39,7,46,40,6,50,44,6,54,45,9,81,63,18,75,62,13,79,69,10,72,55,17
Nayarit,10 a 14 años,1,1,0,0,0,0,1,0,1,0,0,0,4,1,3,2,1,1,0,0,0,2,1,1
Nayarit,15 a 19 años,2,2,0,7,7,0,11,8,3,6,3,3,8,4,4,12,8,4,3,2,1,7,6,1
Nayarit,20 a 24 años,11,8,3,6,6,0,5,3,2,13,10,3,12,11,1,12,10,2,10,8,2,16,13,3
Nayarit,25 a 29 años,11,8,3,4,2,2,6,6,0,3,3,0,9,7,2,12,9,3,11,10,1,5,4,1
Nayarit,30 a 34 años,4,4,0,6,4,2,6,6,0,7,7,0,7,4,3,10,8,2,11,9,2,8,6,2
Nayarit,35 a 39 años,4,4,0,5,5,0,5,5,0,4,4,0,7,5,2,7,6,1,6,5,1,5,2,3
Nayarit,40 a 44 años,4,4,0,6,5,1,1,1,0,4,3,1,9,8,1,6,6,0,7,6,1,8,8,0
Nayarit,45 a 49 años,0,0,0,2,2,0,4,4,0,6,6,0,3,3,0,5,5,0,8,7,1,5,2,3
Nayarit,50 a 54 años,1,1,0,2,2,0,5,5,0,0,0,0,5,4,1,2,2,0,8,7,1,2,2,0
Nayarit,55 a 59 años,1,1,0,1,1,0,1,1,0,1,0,1,5,4,1,1,1,0,2,2,0,6,4,2
Nayarit,60 años y más,7,6,1,7,6,1,5,5,0,10,9,1,12,12,0,6,6,0,11,11,0,8,7,1
Nayarit,No especificado,0,0,0,0,0,0,0,0,0,0,0,0,0,0,0,0,0,0,2,2,0,0,0,0
Nuevo León,Total,238,205,33,218,174,44,229,180,49,245,215,30,220,191,29,253,203,50,292,238,54,270,233,37
Nuevo León,10 a 14 años,4,2,2,8,3,5,8,2,6,3,2,1,4,3,1,8,2,6,6,3,3,3,2,1
Nuevo León,15 a 19 años,29,20,9,13,9,4,26,18,8,29,26,3,20,16,4,29,20,9,41,32,9,30,27,3
Nuevo León,20 a 24 años,46,40,6,31,24,7,26,18,8,34,31,3,48,43,5,34,28,6,57,47,10,46,41,5
Nuevo León,25 a 29 años,33,31,2,29,22,7,28,23,5,27,25,2,20,16,4,34,28,6,31,26,5,42,29,13
Nuevo León,30 a 34 años,20,16,4,31,27,4,30,27,3,26,21,5,16,13,3,29,22,7,23,19,4,30,30,0
Nuevo León,35 a 39 años,25,21,4,20,18,2,19,14,5,27,23,4,21,17,4,36,35,1,23,20,3,20,18,2
Nuevo León,40 a 44 años,18,16,2,20,15,5,17,12,5,29,24,5,16,13,3,17,15,2,20,16,4,17,16,1
Nuevo León,45 a 49 años,14,10,4,17,14,3,18,16,2,16,14,2,17,17,0,15,14,1,25,21,4,15,15,0
Nuevo León,50 a 54 años,9,9,0,9,7,2,11,10,1,17,16,1,22,18,4,8,7,1,15,12,3,19,18,1
Nuevo León,55 a 59 años,8,8,0,15,11,4,8,6,2,8,8,0,10,9,1,15,8,7,19,15,4,13,10,3
Nuevo León,60 años y más,30,30,0,22,21,1,32,28,4,27,24,3,25,25,0,27,23,4,32,27,5,34,26,8
Nuevo León,No especificado,2,2,0,3,3,0,6,6,0,2,1,1,1,1,0,1,1,0,0,0,0,1,1,0
Oaxaca,Total,131,101,30,142,115,27,124,106,18,121,103,18,132,117,15,156,125,30,114,89,25,129,112,17
Oaxaca,10 a 14 años,8,4,4,8,6,2,7,4,3,7,6,1,6,5,1,8,6,2,7,2,5,3,1,2
Oaxaca,15 a 19 años,25,13,12,16,11,5,23,16,7,21,15,6,17,13,4,16,11,5,15,12,3,14,11,3
Oaxaca,20 a 24 años,21,15,6,21,19,2,13,11,2,14,13,1,20,17,3,31,22,9,21,19,2,21,19,2
Oaxaca,25 a 29 años,17,16,1,19,12,7,13,10,3,12,10,2,10,9,1,20,17,3,15,11,4,16,13,3
Oaxaca,30 a 34 años,19,17,2,15,13,2,9,9,0,18,16,2,15,14,1,15,11,4,16,13,3,17,17,0
Oaxaca,35 a 39 años,4,2,2,12,10,2,16,14,2,7,5,2,16,15,1,12,10,2,8,8,0,15,12,3
Oaxaca,40 a 44 años,11,10,1,9,6,3,8,8,0,6,6,0,14,13,1,8,6,2,10,9,1,5,5,0
Oaxaca,45 a 49 años,6,5,1,13,11,2,10,9,1,6,5,1,7,6,1,11,10,1,6,2,4,11,10,1
Oaxaca,50 a 54 años,7,6,1,0,0,0,4,4,0,9,8,1,5,4,1,10,10,0,3,2,1,6,5,1
Oaxaca,55 a 59 años,4,4,0,9,8,1,5,5,0,5,5,0,9,8,1,6,5,1,5,5,0,7,6,1
Oaxaca,60 años y más,9,9,0,20,19,1,16,16,0,16,14,2,13,13,0,16,16,0,8,6,2,14,13,1
Oaxaca,No especificado,0,0,0,0,0,0,0,0,0,0,0,0,0,0,0,3,1,1,0,0,0,0,0,0
Puebla,Total,205,157,48,256,196,60,216,171,45,240,190,50,277,209,68,268,194,74,226,174,52,302,228,74
Puebla,10 a 14 años,12,7,5,15,6,9,13,10,3,12,7,5,17,10,7,12,6,6,12,8,4,25,12,13
Puebla,15 a 19 años,42,28,14,54,40,14,39,27,12,30,18,12,40,26,14,46,28,18,50,35,15,53,34,19
Puebla,20 a 24 años,24,19,5,45,33,12,36,24,12,35,31,4,42,32,10,58,40,18,35,26,9,53,39,14
Puebla,25 a 29 años,28,22,6,43,32,11,28,27,1,25,18,7,27,19,8,38,30,8,24,18,6,40,31,9
Puebla,30 a 34 años,10,8,2,16,14,2,25,21,4,19,16,3,33,26,7,20,14,6,23,19,4,29,25,4
Puebla,35 a 39 años,25,17,8,27,20,7,20,19,1,24,20,4,29,26,3,24,20,4,20,14,6,26,22,4
Puebla,40 a 44 años,13,11,2,12,10,2,10,9,1,13,8,5,24,20,4,11,8,3,16,14,2,19,18,1
Puebla,45 a 49 años,9,7,2,13,12,1,14,10,4,15,13,2,14,8,6,26,23,3,9,7,2,12,10,2
Puebla,50 a 54 años,8,7,1,8,6,2,8,5,3,17,15,2,13,10,3,12,10,2,12,10,2,13,9,4
Puebla,55 a 59 años,7,5,2,7,7,0,6,6,0,11,11,0,15,14,1,5,4,1,3,3,0,10,10,0
Puebla,60 años y más,22,21,1,13,13,0,17,13,4,37,31,6,20,15,5,15,10,5,19,17,2,22,18,4
Puebla,No especificado,5,5,0,3,3,0,0,0,0,2,2,0,3,3,0,1,1,0,3,3,0,0,0,0
Querétaro,Total,85,74,11,98,76,22,115,91,24,112,84,28,80,59,21,110,90,20,102,77,25,137,115,22
Querétaro,10 a 14 años,3,2,1,9,3,6,4,1,3,4,1,3,6,4,2,3,2,1,5,2,3,7,6,1
Querétaro,15 a 19 años,8,8,0,17,10,7,19,12,7,21,15,6,8,6,2,14,10,4,9,6,3,20,14,6
Querétaro,20 a 24 años,22,17,5,16,13,3,22,20,2,19,14,5,10,9,1,27,24,3,16,13,3,19,15,4
Querétaro,25 a 29 años,13,11,2,14,13,1,17,14,3,14,10,4,14,7,7,14,10,4,17,16,1,13,10,3
Querétaro,30 a 34 años,10,10,0,12,10,2,12,11,1,20,16,4,8,6,2,8,6,2,15,11,4,20,20,0
Querétaro,35 a 39 años,9,7,2,5,5,0,19,15,4,8,7,1,12,12,0,9,8,1,6,3,3,20,17,3
Querétaro,40 a 44 años,7,7,0,2,2,0,7,6,1,6,4,2,1,0,1,9,6,3,5,4,1,10,7,3
Querétaro,45 a 49 años,6,6,0,8,7,1,0,0,0,2,2,0,6,5,1,6,5,1,10,7,3,6,5,1
Querétaro,50 a 54 años,4,3,1,4,2,2,4,4,0,3,2,1,2,1,1,6,6,0,6,4,2,6,6,0
Querétaro,55 a 59 años,0,0,0,1,1,0,5,3,2,4,2,2,7,5,2,1,1,0,6,5,1,5,5,0
Querétaro,60 años y más,3,3,0,10,10,0,6,5,1,11,11,0,6,4,2,12,11,1,7,6,1,11,10,1
Querétaro,No especificado,0,0,0,0,0,0,0,0,0,0,0,0,0,0,0,1,1,0,0,0,0,0,0,0
Quintana Roo,Total,132,111,21,121,100,21,144,120,24,137,115,22,118,93,25,140,110,30,125,101,24,135,116,19
Quintana Roo,10 a 14 años,0,0,0,5,4,1,2,2,0,3,1,2,2,0,2,5,2,3,5,4,1,6,2,4
Quintana Roo,15 a 19 años,14,11,3,13,11,2,11,9,2,11,8,3,11,7,4,17,12,5,9,6,3,9,8,1
Quintana Roo,20 a 24 años,19,17,2,24,17,7,27,23,4,26,22,4,21,17,4,14,12,2,24,20,4,16,15,1
Quintana Roo,25 a 29 años,14,10,4,13,12,1,21,19,2,20,15,5,11,9,2,18,11,7,12,9,3,31,25,6
Quintana Roo,30 a 34 años,17,14,3,11,8,3,13,11,2,20,19,1,14,11,3,23,19,4,18,18,0,21,18,3
Quintana Roo,35 a 39 años,21,20,1,15,13,2,25,20,5,13,10,3,11,8,3,18,14,4,14,10,4,10,8,2
Quintana Roo,40 a 44 años,12,9,3,11,10,1,12,9,3,14,12,2,14,12,2,17,13,4,13,10,3,9,7,2
Quintana Roo,45 a 49 años,16,13,3,5,5,0,11,9,2,10,9,1,7,6,1,10,10,0,8,6,2,12,12,0
Quintana Roo,50 a 54 años,8,6,2,8,8,0,5,5,0,6,6,0,9,7,2,6,6,0,8,6,2,8,8,0
Quintana Roo,55 a 59 años,1,1,0,3,2,1,11,7,4,4,3,1,6,5,1,4,4,0,6,6,0,5,5,0
Quintana Roo,60 años y más,4,4,0,10,7,3,6,6,0,8,8,0,9,8,1,8,7,1,7,5,2,7,7,0
Quintana Roo,No especificado,6,6,0,3,3,0,0,0,0,2,2,0,3,3,0,0,0,0,1,1,0,1,1,0
San Luis Potosí,Total,164,131,33,159,132,27,158,133,25,157,141,16,173,142,31,164,139,25,179,147,32,199,165,34
San Luis Potosí,10 a 14 años,8,6,2,7,4,3,10,3,7,6,5,1,11,7,4,6,5,1,10,3,7,6,3,3
San Luis Potosí,15 a 19 años,26,17,9,29,20,9,26,22,4,26,23,3,24,16,8,24,20,4,27,20,7,23,16,7
San Luis Potosí,20 a 24 años,28,23,5,30,23,7,28,23,5,20,17,3,28,23,5,30,24,6,23,19,4,31,27,4
San Luis Potosí,25 a 29 años,17,14,3,16,16,0,21,21,0,18,16,2,20,18,2,22,19,3,17,13,4,31,28,3
San Luis Potosí,30 a 34 años,16,12,4,12,10,2,16,14,2,6,5,1,16,16,0,16,13,3,23,21,2,18,15,3
San Luis Potosí,35 a 39 años,16,13,3,15,14,1,9,8,1,15,15,0,20,15,5,9,8,1,10,9,1,20,17,3
San Luis Potosí,40 a 44 años,8,7,1,9,8,1,9,9,0,16,16,0,15,12,3,6,5,1,14,12,2,17,12,5
San Luis Potosí,45 a 49 años,7,5,2,8,5,3,13,10,3,15,12,3,8,6,2,18,12,6,11,11,0,13,12,1
San Luis Potosí,50 a 54 años,10,7,3,13,13,0,2,2,0,7,7,0,7,7,0,6,6,0,11,11,0,13,13,0
San Luis Potosí,55 a 59 años,3,3,0,5,5,0,9,7,2,9,9,0,4,3,1,6,6,0,8,5,3,8,7,1
San Luis Potosí,60 años y más,24,23,1,15,14,1,14,13,1,18,15,3,20,19,1,20,20,0,25,23,2,18,15,3
San Luis Potosí,No especificado,1,1,0,0,0,0,1,1,0,1,1,0,0,0,0,1,1,0,0,0,0,1,0,1
Sinaloa,Total,113,97,16,111,92,19,99,80,19,123,107,16,143,114,29,142,125,17,165,145,20,168,148,20
Sinaloa,10 a 14 años,4,2,2,3,2,1,3,2,1,3,1,2,0,0,0,4,3,1,4,3,1,3,1,2
Sinaloa,15 a 19 años,12,9,3,16,11,5,7,4,3,13,7,6,13,3,10,13,8,5,12,7,5,12,9,3
Sinaloa,20 a 24 años,19,17,2,16,14,2,14,10,4,15,13,2,14,12,2,14,12,2,13,10,3,20,18,2
Sinaloa,25 a 29 años,9,6,3,16,13,3,7,7,0,14,14,0,24,19,5,12,12,0,10,9,1,16,16,0
Sinaloa,30 a 34 años,17,12,5,10,9,1,6,4,2,12,12,0,17,14,3,14,12,2,23,21,2,20,17,3
Sinaloa,35 a 39 años,11,11,0,2,2,0,9,9,0,16,16,0,13,13,0,22,21,1,24,20,4,17,16,1
Sinaloa,40 a 44 años,5,5,0,9,7,2,14,10,4,9,8,1,19,16,3,7,5,2,18,17,1,21,18,3
Sinaloa,45 a 49 años,6,6,0,6,6,0,3,1,2,11,10,1,8,6,2,14,12,2,8,8,0,10,9,1
Sinaloa,50 a 54 años,7,7,0,3,2,1,7,7,0,5,5,0,7,5,2,12,12,0,13,13,0,10,9,1
Sinaloa,55 a 59 años,5,5,0,5,4,1,2,1,1,5,3,2,6,4,2,6,6,0,7,5,2,10,8,2
Sinaloa,60 años y más,17,16,1,24,21,3,26,24,2,20,18,2,22,22,0,24,22,2,30,29,1,29,27,2
Sinaloa,No especificado,1,1,0,1,1,0,1,1,0,0,0,0,0,0,0,0,0,0,3,3,0,0,0,0
Sonora,Total,170,143,27,178,156,22,184,153,31,237,206,31,236,211,25,249,217,32,218,190,27,264,232,32
Sonora,10 a 14 años,6,0,6,0,0,0,1,0,1,6,4,2,4,2,2,6,4,2,2,0,2,2,2,0
Sonora,15 a 19 años,18,12,6,26,19,7,18,12,6,17,12,5,16,14,2,22,20,2,17,8,9,18,15,3
Sonora,20 a 24 años,15,14,1,16,16,0,24,17,7,20,16,4,21,18,3,24,21,3,26,24,2,41,39,2
Sonora,25 a 29 años,18,16,2,16,14,2,21,17,4,35,32,3,28,28,0,26,24,2,22,21,1,33,30,3
Sonora,30 a 34 años,13,12,1,26,22,4,18,14,4,29,22,7,29,25,4,40,34,6,20,15,5,31,25,6
Sonora,35 a 39 años,22,18,4,22,18,4,14,12,2,20,18,2,35,27,8,33,27,6,29,29,0,27,23,4
Sonora,40 a 44 años,16,14,2,21,19,2,19,18,1,27,26,1,25,24,1,23,20,3,35,32,3,30,26,4
Sonora,45 a 49 años,13,11,2,11,10,1,12,11,1,21,20,1,19,18,1,19,18,1,14,12,2,21,17,4
Sonora,50 a 54 años,6,5,1,8,8,0,13,11,2,22,19,3,16,15,1,14,12,2,17,17,0,19,17,2
Sonora,55 a 59 años,12,10,2,9,9,0,6,6,0,10,7,3,8,5,3,11,7,4,11,10,1,13,12,1
Sonora,60 años y más,27,27,0,22,20,2,34,31,3,28,28,0,31,31,0,26,25,1,19,17,2,27,24,3
Sonora,No especificado,4,4,0,1,1,0,4,4,0,2,2,0,4,4,0,5,5,0,6,5,0,2,2,0
Tabasco,Total,187,168,19,188,157,31,172,145,27,168,135,33,164,133,31,170,133,37,155,131,24,108,90,18
Tabasco,10 a 14 años,8,8,0,10,6,4,6,5,1,8,5,3,5,2,3,6,5,1,6,4,2,3,1,2
Tabasco,15 a 19 años,11,8,3,26,18,8,25,20,5,22,10,12,18,12,6,17,6,11,15,9,6,11,6,5
Tabasco,20 a 24 años,34,30,4,31,25,6,30,25,5,20,15,5,25,23,2,29,26,3,28,23,5,12,9,3
Tabasco,25 a 29 años,25,24,1,27,21,6,28,24,4,16,13,3,16,14,2,24,19,5,23,18,5,9,9,0
Tabasco,30 a 34 años,16,15,1,19,19,0,6,6,0,26,23,3,15,13,2,25,18,7,17,16,1,21,18,3
Tabasco,35 a 39 años,29,25,4,15,12,3,19,15,4,18,16,2,22,16,6,18,15,3,19,17,2,12,10,2
Tabasco,40 a 44 años,12,10,2,12,12,0,9,6,3,16,15,1,16,14,2,10,9,1,8,8,0,13,10,3
Tabasco,45 a 49 años,10,8,2,13,10,3,14,11,3,13,11,2,10,9,1,11,8,3,12,11,1,5,5,0
Tabasco,50 a 54 años,8,7,1,12,11,1,6,6,0,4,3,1,9,7,2,3,3,0,3,3,0,7,7,0
Tabasco,55 a 59 años,6,5,1,4,4,0,9,9,0,6,6,0,10,8,2,7,7,0,9,8,1,2,2,0
Tabasco,60 años y más,28,28,0,17,17,0,20,18,2,18,17,1,18,15,3,20,17,3,15,14,1,13,13,0
Tabasco,No especificado,0,0,0,2,2,0,0,0,0,1,1,0,0,0,0,0,0,0,0,0,0,0,0,0
Tamaulipas,Total,166,143,23,149,136,13,168,138,27,157,124,32,176,147,29,149,126,23,159,133,26,158,135,23
Tamaulipas,10 a 14 años,4,2,2,5,4,1,6,5,1,4,4,0,0,0,0,3,2,1,1,0,1,2,2,0
Tamaulipas,15 a 19 años,6,6,0,9,8,1,17,14,3,14,10,4,10,8,2,10,9,1,13,9,4,16,15,1
Tamaulipas,20 a 24 años,15,12,3,21,17,4,12,11,1,18,9,9,20,17,3,23,15,8,25,22,3,12,9,3
Tamaulipas,25 a 29 años,22,17,5,15,14,1,17,13,4,18,16,2,17,13,4,10,7,3,23,19,4,13,10,3
Tamaulipas,30 a 34 años,21,19,2,15,14,1,18,14,4,18,16,2,23,15,8,19,18,1,22,18,4,12,10,2
Tamaulipas,35 a 39 años,26,22,4,16,15,1,20,15,5,25,21,4,17,15,2,16,14,2,19,18,1,26,21,5
Tamaulipas,40 a 44 años,13,13,0,14,13,1,14,12,2,15,10,5,12,10,2,18,15,3,16,13,3,13,9,4
Tamaulipas,45 a 49 años,11,10,1,7,6,1,17,14,3,18,15,3,20,16,4,9,7,2,7,7,0,10,9,1
Tamaulipas,50 a 54 años,11,11,0,12,12,0,7,7,0,4,4,0,15,13,2,16,15,1,9,8,1,18,15,3
Tamaulipas,55 a 59 años,8,6,2,7,7,0,9,8,1,1,1,0,10,9,1,1,1,0,6,2,4,8,8,0
Tamaulipas,60 años y más,29,25,4,27,25,2,27,24,3,21,18,3,30,29,1,24,23,1,18,17,1,26,25,1
Tamaulipas,No especificado,0,0,0,1,1,0,4,1,0,1,0,0,2,2,0,0,0,0,0,0,0,2,2,0
Tlaxcala,Total,33,25,8,51,40,11,44,38,6,40,32,8,53,43,10,52,37,15,52,44,8,55,41,14
Tlaxcala,10 a 14 años,1,1,0,4,3,1,3,3,0,1,1,0,3,1,2,3,2,1,3,2,1,6,4,2
Tlaxcala,15 a 19 años,6,5,1,13,7,6,7,4,3,13,10,3,7,4,3,10,7,3,9,5,4,7,6,1
Tlaxcala,20 a 24 años,3,3,0,8,6,2,8,7,1,5,5,0,13,13,0,8,5,3,11,10,1,15,10,5
Tlaxcala,25 a 29 años,1,1,0,3,3,0,7,7,0,3,3,0,7,7,0,4,3,1,3,3,0,3,2,1
Tlaxcala,30 a 34 años,8,5,3,10,9,1,2,2,0,4,3,1,2,1,1,7,5,2,3,3,0,6,4,2
Tlaxcala,35 a 39 años,4,3,1,3,3,0,2,2,0,3,2,1,6,5,1,5,3,2,5,4,1,1,1,0
Tlaxcala,40 a 44 años,0,0,0,1,1,0,3,3,0,1,1,0,3,3,0,3,2,1,4,4,0,6,6,0
Tlaxcala,45 a 49 años,4,2,2,1,1,0,6,4,2,0,0,0,3,2,1,3,3,0,4,3,1,3,3,0
Tlaxcala,50 a 54 años,0,0,0,3,3,0,4,4,0,4,3,1,3,2,1,1,0,1,2,2,0,3,3,0
Tlaxcala,55 a 59 años,2,2,0,0,0,0,0,0,0,0,0,0,2,1,1,0,0,0,3,3,0,2,0,2
Tlaxcala,60 años y más,4,3,1,3,3,0,2,2,0,5,3,2,4,4,0,8,7,1,5,5,0,3,2,1
Tlaxcala,No especificado,0,0,0,2,1,1,0,0,0,1,1,0,0,0,0,0,0,0,0,0,0,0,0,0
Veracruz de Ignacio de la Llave,Total,262,215,47,309,257,52,289,238,51,265,216,49,319,248,71,252,204,48,207,178,29,217,168,49
Veracruz de Ignacio de la Llave,10 a 14 años,9,7,2,8,4,4,16,9,7,5,2,3,18,8,10,14,10,4,4,4,0,8,6,2
Veracruz de Ignacio de la Llave,15 a 19 años,36,25,11,46,32,14,31,21,10,40,25,15,32,18,14,16,7,9,18,12,6,27,18,9
Veracruz de Ignacio de la Llave,20 a 24 años,33,25,8,38,31,7,41,31,10,29,23,6,44,29,15,32,28,4,32,26,6,31,23,8
Veracruz de Ignacio de la Llave,25 a 29 años,24,20,4,27,20,7,21,18,3,34,30,4,35,27,8,30,20,10,23,19,4,28,21,7
Veracruz de Ignacio de la Llave,30 a 34 años,25,21,4,30,26,4,29,22,7,27,23,4,19,15,4,29,21,8,19,18,1,13,12,1
Veracruz de Ignacio de la Llave,35 a 39 años,29,21,8,27,24,3,33,32,1,20,17,3,26,21,5,29,22,7,15,15,0,13,13,0
Veracruz de Ignacio de la Llave,40 a 44 años,21,21,0,29,24,5,26,22,4,23,21,2,35,32,3,25,22,3,16,13,3,16,11,5
Veracruz de Ignacio de la Llave,45 a 49 años,23,19,4,18,17,1,15,14,1,19,17,2,27,26,1,17,16,1,19,15,4,20,16,4
Veracruz de Ignacio de la Llave,50 a 54 años,12,11,1,18,16,2,15,13,2,17,16,1,23,18,5,11,11,0,16,13,3,14,10,4
Veracruz de Ignacio de la Llave,55 a 59 años,15,14,1,15,14,1,16,16,0,19,13,6,19,15,4,10,10,0,11,11,0,14,11,3
Veracruz de Ignacio de la Llave,60 años y más,34,30,4,51,47,4,44,38,6,31,28,3,40,38,2,38,36,2,34,32,2,33,27,6
Veracruz de Ignacio de la Llave,No especificado,1,1,0,2,2,0,2,2,0,1,1,0,1,1,0,1,1,0,0,0,0,0,0,0
Yucatán,Total,206,169,37,186,152,34,160,131,29,167,141,26,181,153,28,190,145,45,224,189,35,191,152,39
Yucatán,10 a 14 años,4,2,2,4,3,1,3,3,0,3,2,1,5,4,1,3,2,1,3,1,2,0,0,0
Yucatán,15 a 19 años,20,13,7,23,18,5,19,12,7,17,12,5,11,10,1,18,12,6,8,7,1,9,5,4
Yucatán,20 a 24 años,32,25,7,26,23,3,25,22,3,15,14,1,27,20,7,27,21,6,36,27,9,25,22,3
Yucatán,25 a 29 años,26,24,2,24,17,7,23,17,6,27,23,4,20,14,6,20,19,1,34,28,6,34,29,5
Yucatán,30 a 34 años,26,23,3,20,16,4,25,20,5,21,15,6,32,28,4,24,15,9,26,22,4,23,18,5
Yucatán,35 a 39 años,17,13,4,22,19,3,16,13,3,19,15,4,20,17,3,25,18,7,23,21,2,25,20,5
Yucatán,40 a 44 años,16,15,1,18,14,4,8,7,1,17,16,1,16,13,3,21,19,2,18,15,3,20,15,5
Yucatán,45 a 49 años,19,15,4,12,10,2,9,9,0,13,13,0,9,9,0,17,13,4,17,16,1,13,10,3
Yucatán,50 a 54 años,12,12,0,9,6,3,7,6,1,8,7,1,8,7,1,9,7,2,14,10,4,10,8,2
Yucatán,55 a 59 años,4,2,2,7,6,1,9,7,2,13,12,1,8,7,1,6,5,1,12,10,2,9,7,2
Yucatán,60 años y más,30,25,5,21,20,1,16,15,1,14,12,2,25,24,1,20,14,6,33,32,1,23,18,5
Yucatán,No especificado,0,0,0,0,0,0,0,0,0,0,0,0,0,0,0,0,0,0,0,0,0,0,0,0
Zacatecas,Total,51,46,5,82,73,9,53,44,9,62,54,8,70,59,11,103,87,16,76,64,12,109,89,20
Zacatecas,10 a 14 años,1,1,0,1,0,1,4,2,2,3,2,1,2,2,0,1,0,1,3,2,1,3,3,0
Zacatecas,15 a 19 años,12,11,1,14,14,0,6,5,1,7,6,1,9,4,5,12,8,4,13,11,2,15,12,3
Zacatecas,20 a 24 años,4,3,1,15,12,3,9,8,1,7,6,1,12,10,2,18,15,3,7,7,0,25,18,7
Zacatecas,25 a 29 años,9,8,1,9,7,2,5,5,0,7,6,1,6,6,0,16,14,2,8,5,3,12,10,2
Zacatecas,30 a 34 años,5,4,1,9,8,1,11,9,2,10,8,2,12,11,1,9,7,2,5,3,2,7,5,2
Zacatecas,35 a 39 años,3,2,1,5,4,1,4,3,1,7,5,2,12,11,1,11,11,0,5,4,1,13,11,2
Zacatecas,40 a 44 años,4,4,0,4,4,0,2,2,0,4,4,0,6,4,2,8,8,0,6,6,0,6,4,2
Zacatecas,45 a 49 años,1,1,0,6,5,1,3,2,1,4,4,0,1,1,0,7,6,1,5,4,1,4,4,0
Zacatecas,50 a 54 años,4,4,0,4,4,0,3,2,1,6,6,0,3,3,0,6,5,1,7,7,0,6,5,1
Zacatecas,55 a 59 años,2,2,0,1,1,0,0,0,0,2,2,0,2,2,0,4,3,1,3,3,0,3,3,0
Zacatecas,60 años y más,6,6,0,14,14,0,5,5,0,5,5,0,5,5,0,10,9,1,12,10,2,15,14,1
Zacatecas,No especificado,0,0,0,0,0,0,1,1,0,0,0,0,0,0,0,1,1,0,2,2,0,0,0,0
Extranjero,Total,6,5,1,6,4,2,11,10,1,20,13,7,20,18,2,15,13,2,22,18,4,13,12,1
Extranjero,10 a 14 años,0,0,0,0,0,0,0,0,0,1,0,1,2,1,1,0,0,0,1,1,0,0,0,0
Extranjero,15 a 19 años,0,0,0,0,0,0,2,2,0,0,0,0,2,2,0,1,1,0,0,0,0,0,0,0
Extranjero,20 a 24 años,1,0,1,0,0,0,0,0,0,2,2,0,1,1,0,0,0,0,4,3,1,2,2,0
Extranjero,25 a 29 años,1,1,0,2,1,1,0,0,0,3,2,1,1,1,0,1,0,1,3,3,0,2,2,0
Extranjero,30 a 34 años,1,1,0,1,1,0,1,1,0,2,1,1,2,2,0,3,3,0,0,0,0,1,1,0
Extranjero,35 a 39 años,0,0,0,1,1,0,2,2,0,1,0,1,0,0,0,3,3,0,5,3,2,2,2,0
Extranjero,40 a 44 años,1,1,0,1,1,0,0,0,0,4,2,2,2,2,0,2,1,1,0,0,0,1,1,0
Extranjero,45 a 49 años,1,1,0,1,0,1,1,1,0,0,0,0,3,3,0,0,0,0,4,4,0,0,0,0
Extranjero,50 a 54 años,1,1,0,0,0,0,3,3,0,3,3,0,4,4,0,1,1,0,2,2,0,3,2,1
Extranjero,55 a 59 años,0,0,0,0,0,0,1,0,1,2,2,0,0,0,0,0,0,0,0,0,0,1,1,0
Extranjero,60 años y más,0,0,0,0,0,0,1,1,0,2,1,1,3,2,1,4,4,0,3,2,1,1,1,0
Extranjero,No especificado,0,0,0,0,0,0,0,0,0,0,0,0,0,0,0,0,0,0,0,0,0,0,0,0